<?xml version="1.0" encoding="UTF-8"?>
<project-private xmlns="http://www.netbeans.org/ns/project-private/1">
    <editor-bookmarks xmlns="http://www.netbeans.org/ns/editor-bookmarks/2" lastBookmarkId="0"/>
    <open-files xmlns="http://www.netbeans.org/ns/projectui-open-files/2">
        <group>
            <file>file:/C:/Users/Admin/OneDrive/Documents/NetBeansProjects/Traveling%20website/src/travel/management/system/About.java</file>
            <file>file:/C:/Users/Admin/OneDrive/Documents/NetBeansProjects/Traveling%20website/src/travel/management/system/AddCustomer.java</file>
            <file>file:/C:/Users/Admin/OneDrive/Documents/NetBeansProjects/Traveling%20website/src/travel/management/system/BookPackage.java</file>
            <file>file:/C:/Users/Admin/OneDrive/Documents/NetBeansProjects/Traveling%20website/src/travel/management/system/CheckHotels.java</file>
            <file>file:/C:/Users/Admin/OneDrive/Documents/NetBeansProjects/Traveling%20website/src/travel/management/system/CheckPakage.java</file>
            <file>file:/C:/Users/Admin/OneDrive/Documents/NetBeansProjects/Traveling%20website/src/travel/management/system/Conn.java</file>
            <file>file:/C:/Users/Admin/OneDrive/Documents/NetBeansProjects/Traveling%20website/src/travel/management/system/CreatePackage.java</file>
            <file>file:/C:/Users/Admin/OneDrive/Documents/NetBeansProjects/Traveling%20website/src/travel/management/system/DeleteCustomer.java</file>
            <file>file:/C:/Users/Admin/OneDrive/Documents/NetBeansProjects/Traveling%20website/src/travel/management/system/ViewTicket.java</file>
            <file>file:/C:/Users/Admin/OneDrive/Documents/NetBeansProjects/Traveling%20website/src/travel/management/system/ViewCustomers.java</file>
            <file>file:/C:/Users/Admin/OneDrive/Documents/NetBeansProjects/Traveling%20website/src/travel/management/system/Home.java</file>
            <file>file:/C:/Users/Admin/OneDrive/Documents/NetBeansProjects/Traveling%20website/src/travel/management/system/Paytm.java</file>
            <file>file:/C:/Users/Admin/OneDrive/Documents/NetBeansProjects/Traveling%20website/src/travel/management/system/Payment.java</file>
        </group>
    </open-files>
</project-private>
